<?xml version="1.0" encoding="utf-8"?>
<extension version="3.3" type="plugin" group="system" method="upgrade">
	<name>System - JoomShopping ERIP Payment</name>
	<author>eComCharge</author>
	<creationDate>November 2015</creationDate>
	<copyright></copyright>
	<license>GNU General Public License version 2 or later; see LICENSE.txt</license>
	<authorEmail></authorEmail>
	<authorUrl></authorUrl>
	<version>8.1.2</version>
	<description>This system plugin creates JoomShopping ERIP payment option.</description>
	<!-- Runs on install/uninstall/update; New in 1.6 -->
	<scriptfile>install_uninstall.php</scriptfile>
	<files>
		<filename plugin="joomshoppingerip">joomshoppingerip.php</filename>
		<filename>index.html</filename>
		<filename>install_uninstall.php</filename>
		<folder>libraries</folder>
	</files>
	<languages>
		<language tag="en-GB">en-GB.plg_system_joomshoppingerip.ini</language>
		<language tag="en-GB">en-GB.plg_system_joomshoppingerip.sys.ini</language>
		<language tag="ru-RU">ru-RU.plg_system_joomshoppingerip.ini</language>
		<language tag="ru-RU">ru-RU.plg_system_joomshoppingerip.sys.ini</language>
	</languages>
</extension>
